bb_center,bb_max,bb_min,centroid,face_type,filename,label,n_faces,n_vertices,
"0.063312
0.007131
-0.046375","0.600142
0.988283
0.119233","-0.473518
-0.974022
-0.211983","-0.009974
0.000068
-0.003177",tri,61.off,Airplane,43184,21594,
"0.005271
0.068755
0.033637","0.811067
0.291365
0.997300","-0.800525
-0.153854
-0.930027","-0.000651
-0.001968
0.019062",tri,62.off,Airplane,44936,22470,
"0.002072
0.076767
0.003541","0.998595
0.277715
0.851868","-0.994451
-0.124181
-0.844787","-0.000606
-0.000906
0.011526",tri,63.off,Airplane,44136,22070,
"0.001696
0.079632
0.098510","0.769780
0.998628
0.342228","-0.766387
-0.839364
-0.145207","-0.000427
0.018783
-0.002735",tri,64.off,Airplane,54360,27182,
"-0.152897
0.005822
0.032198","0.693322
0.867563
0.213334","-0.999117
-0.855918
-0.148938","-0.020854
-0.000174
-0.003395",tri,65.off,Airplane,51568,25786,
"-0.155294
0.000002
0.057809","0.684922
0.737841
0.219138","-0.995511
-0.737837
-0.103520","-0.011735
-0.000174
-0.001231",tri,66.off,Airplane,61896,30950,
"-0.115003
-0.000115
0.126182","0.767014
0.810988
0.361208","-0.997020
-0.811219
-0.108844","-0.016449
-0.000148
-0.000748",tri,67.off,Airplane,61192,30598,
"-0.144810
0.009006
0.100923","0.557377
0.896424
0.299302","-0.846997
-0.878413
-0.097457","-0.018684
-0.000913
-0.000813",tri,68.off,Airplane,44648,22326,
"0.090672
0.005932
0.078983","0.800522
0.954331
0.267801","-0.619177
-0.942466
-0.109835","-0.005256
-0.000109
-0.000587",tri,69.off,Airplane,53592,26798,
"-0.033792
0.006614
0.038096","0.559610
0.998820
0.247932","-0.627193
-0.985593
-0.171741","-0.002797
-0.000151
-0.001579",tri,70.off,Airplane,45032,22518,
"-0.032402
0.007220
0.094735","0.772445
0.996234
0.312948","-0.837248
-0.981795
-0.123477","-0.011182
-0.000500
-0.002000",tri,71.off,Airplane,46776,23390,
"-0.076263
0.004771
0.096340","0.647258
0.993648
0.285380","-0.799784
-0.984106
-0.092700","-0.009972
-0.000422
-0.001495",tri,72.off,Airplane,41808,20906,
"-0.104416
0.006258
0.075697","0.684046
0.983629
0.273324","-0.892878
-0.971114
-0.121931","-0.021244
-0.000961
-0.002334",tri,73.off,Airplane,40856,20430,
"-0.080189
0.004425
0.068610","0.600599
0.983044
0.265399","-0.760976
-0.974194
-0.128179","-0.013837
-0.000700
-0.002116",tri,74.off,Airplane,40336,20170,
"-0.124810
0.004650
0.014968","0.748825
0.840379
0.156789","-0.998445
-0.831079
-0.126852","-0.010963
-0.000097
0.001270",tri,75.off,Airplane,69416,34710,
"-0.082273
0.005663
0.100688","0.832744
0.741049
0.327336","-0.997290
-0.729723
-0.125961","-0.017953
-0.000517
-0.002233",tri,76.off,Airplane,47368,23686,
"0.001305
0.113202
-0.106522","0.874833
0.338851
0.786080","-0.872223
-0.112446
-0.999123","0.000106
-0.002617
-0.017572",tri,77.off,Airplane,52680,26342,
"-0.085627
0.000421
0.180013","0.825330
0.904409
0.481158","-0.996584
-0.903567
-0.121132","-0.015927
-0.000337
-0.002422",tri,78.off,Airplane,59744,29874,
"-0.108878
0.009426
0.180681","0.678490
0.984893
0.464737","-0.896245
-0.966042
-0.103375","-0.011220
-0.000913
-0.002586",tri,79.off,Airplane,53496,26750,
"-0.142142
-0.014388
0.154895","0.631339
0.945919
0.423769","-0.915624
-0.974695
-0.113978","-0.008991
0.000652
-0.002504",tri,80.off,Airplane,58792,29398,
"0.000480
0.028145
0.005969","0.378450
0.867739
0.540600","-0.377489
-0.811449
-0.528662","0.000129
0.003690
0.008524",tri,100.off,Ant,64496,32250,
"-0.034866
-0.066265
-0.121094","0.416093
0.843876
0.241441","-0.485825
-0.976406
-0.483628","-0.000165
0.010395
0.007314",tri,81.off,Ant,50944,25474,
"0.065447
0.029693
-0.092021","0.617929
0.919688
0.394064","-0.487034
-0.860302
-0.578105","0.000189
-0.001345
0.008765",tri,82.off,Ant,66376,33190,
"-0.061969
-0.007973
-0.007600","0.486448
0.926386
0.298216","-0.610386
-0.942332
-0.313416","0.000242
0.012082
0.005838",tri,83.off,Ant,50992,25498,
"-0.005271
0.051890
0.013891","0.428089
0.925887
0.486837","-0.438630
-0.822107
-0.459054","0.000032
0.008097
0.012065",tri,84.off,Ant,54784,27394,
"-0.083245
0.060334
0.103786","0.462269
0.934039
0.407658","-0.628758
-0.813371
-0.200086","0.005903
0.017253
-0.000144",tri,85.off,Ant,67088,33546,
"-0.010722
-0.012428
-0.062078","0.309103
0.899206
0.355275","-0.330547
-0.924062
-0.479430","-0.001135
0.013306
0.013371",tri,86.off,Ant,56288,28146,
"0.048794
0.043424
-0.120486","0.661702
0.961609
0.306695","-0.564114
-0.874761
-0.547666","-0.004074
0.003227
0.003588",tri,87.off,Ant,59744,29874,
"-0.005392
0.068244
-0.131683","0.748781
0.979821
0.374539","-0.759565
-0.843334
-0.637904","-0.001809
0.008246
0.010380",tri,88.off,Ant,65664,32834,
"-0.033064
0.015019
0.109177","0.479516
0.918473
0.426548","-0.545643
-0.888434
-0.208195","-0.000157
0.005112
-0.000182",tri,89.off,Ant,61216,30610,
"0.045353
0.013776
-0.035091","0.605421
0.915042
0.385720","-0.514716
-0.887490
-0.455902","-0.000344
0.011195
0.009928",tri,90.off,Ant,63000,31502,
"0.014599
0.084433
-0.042384","0.596302
0.969644
0.406338","-0.567105
-0.800777
-0.491105","-0.001873
0.004415
0.009178",tri,91.off,Ant,69104,34554,
"0.022244
0.043699
-0.024008","0.500245
0.996254
0.262275","-0.455756
-0.908857
-0.310290","-0.000763
0.018335
0.006775",tri,92.off,Ant,46920,23462,
"-0.018524
0.031691
0.133272","0.751837
0.949899
0.490604","-0.788885
-0.886518
-0.224060","0.000146
0.020555
0.008139",tri,93.off,Ant,65728,32864,
"-0.067860
0.019850
-0.030015","0.792364
0.329321
0.715708","-0.928083
-0.289621
-0.775738","0.010082
-0.001204
0.008304",tri,94.off,Ant,57872,28938,
"-0.075851
0.066972
0.012500","0.513256
0.954855
0.253013","-0.664959
-0.820911
-0.228013","0.006051
0.017978
0.001325",tri,95.off,Ant,58824,29414,
"-0.067827
-0.118211
0.035170","0.622665
0.728633
0.402302","-0.758319
-0.965054
-0.331961","0.007870
0.002862
0.003300",tri,96.off,Ant,68016,34010,
"-0.036768
-0.026521
0.014185","0.488468
0.828799
0.211378","-0.562004
-0.881841
-0.183009","0.001234
0.009441
0.001317",tri,97.off,Ant,65320,32662,
"-0.026472
-0.010225
-0.022912","0.392189
0.937167
0.380130","-0.445133
-0.957616
-0.425955","-0.000495
0.012447
0.004462",tri,98.off,Ant,49216,24610,
"0.042820
-0.060091
-0.097064","0.672313
0.814671
0.284030","-0.586672
-0.934853
-0.478159","-0.000365
0.008696
0.002596",tri,99.off,Ant,55032,27518,
"-0.081415
-0.020882
0.093623","0.543287
0.642828
0.658752","-0.706117
-0.684591
-0.471506","-0.003817
0.001977
-0.000043",tri,281.off,Armadillo,50542,25273,
"0.024033
-0.082745
-0.001560","0.448975
0.727284
0.487339","-0.400910
-0.892775
-0.490459","0.000733
-0.015262
-0.001666",tri,282.off,Armadillo,48942,24473,
"-0.030688
-0.011658
-0.006165","0.413383
0.927686
0.460674","-0.474760
-0.951002
-0.473004","0.001421
-0.013761
0.005401",tri,283.off,Armadillo,48964,24484,
"0.018600
-0.122949
-0.002849","0.597502
0.596627
0.695852","-0.560302
-0.842525
-0.701549","0.001302
0.003743
0.005336",tri,284.off,Armadillo,50984,25494,
"0.039781
-0.094546
-0.072387","0.556668
0.680658
0.642696","-0.477105
-0.869750
-0.787469","-0.001755
-0.001855
0.005888",tri,285.off,Armadillo,50382,25193,
"0.042687
0.003611
-0.104469","0.712486
0.664345
0.553417","-0.627113
-0.657124
-0.762355","-0.000942
0.009376
0.004530",tri,286.off,Armadillo,50212,25108,
"0.027491
0.096440
-0.007205","0.685147
0.839888
0.715232","-0.630165
-0.647007
-0.729643","0.006581
0.005149
0.000250",tri,287.off,Armadillo,50978,25491,
"0.065842
-0.045603
0.070803","0.797350
0.687606
0.770497","-0.665666
-0.778812
-0.628892","0.006084
0.002658
-0.000974",tri,288.off,Armadillo,39996,20000,
"-0.030584
-0.127276
0.165238","0.867028
0.629458
0.897409","-0.928195
-0.884010
-0.566932","-0.001029
-0.000733
0.000374",tri,289.off,Armadillo,50418,25211,
"-0.145608
-0.020854
0.008506","0.391910
0.706428
0.609401","-0.683127
-0.748136
-0.592389","-0.001749
-0.015258
-0.003502",tri,290.off,Armadillo,50858,25431,
"-0.006096
-0.036777
-0.019736","0.461244
0.906847
0.433274","-0.473435
-0.980400
-0.472746","0.001687
0.001318
0.001186",tri,291.off,Armadillo,49226,24615,
"-0.058192
-0.017163
0.095596","0.582126
0.645493
0.678569","-0.698511
-0.679818
-0.487378","-0.000581
0.001590
0.001218",tri,292.off,Armadillo,43544,21774,
"0.020883
-0.077064
0.002997","0.447672
0.736436
0.493896","-0.405906
-0.890564
-0.487903","-0.001081
-0.018197
0.001530",tri,293.off,Armadillo,29996,15000,
"0.029503
-0.020709
-0.016006","0.374745
0.904870
0.443987","-0.315740
-0.946287
-0.475999","-0.001945
-0.028551
0.009699",tri,294.off,Armadillo,32998,16501,
"-0.012749
-0.186897
0.062774","0.551512
0.514481
0.628186","-0.577011
-0.888275
-0.502637","0.001331
-0.004049
0.012360",tri,295.off,Armadillo,33556,16780,
"-0.015182
-0.068072
-0.022599","0.422973
0.730381
0.616184","-0.453337
-0.866525
-0.661382","-0.003716
-0.003822
0.007343",tri,296.off,Armadillo,31660,15832,
"0.073857
0.023870
-0.142818","0.759547
0.592409
0.512679","-0.611833
-0.544669
-0.798315","-0.003751
-0.017570
0.014756",tri,297.off,Armadillo,30626,15315,
"0.025961
0.080184
0.015994","0.686633
0.826428
0.709801","-0.634710
-0.666060
-0.677813","0.005370
-0.017355
0.003098",tri,298.off,Armadillo,29996,15000,
"0.050722
-0.033271
0.083007","0.785519
0.706352
0.789196","-0.684075
-0.772894
-0.623182","0.007078
0.007861
0.015472",tri,299.off,Armadillo,34230,17117,
"-0.028435
-0.139475
0.156576","0.860955
0.579938
0.882040","-0.917825
-0.858887
-0.568889","0.000276
-0.000496
0.000546",tri,300.off,Armadillo,34902,17453,
"-0.000094
-0.000117
-0.227750","0.229288
0.229114
0.541537","-0.229476
-0.229348
-0.997037","-0.000134
-0.000038
-0.079048",tri,341.off,Bearing,53152,26578,
"0.001736
-0.000382
0.012904","0.285869
0.283564
0.965811","-0.282397
-0.284329
-0.940003","0.001686
-0.000285
0.197105",tri,342.off,Bearing,53152,26578,
"-0.000119
-0.000313
0.078217","0.273584
0.273210
0.996217","-0.273823
-0.273837
-0.839783","-0.000145
-0.000296
-0.099784",tri,343.off,Bearing,53152,26578,
"0.000558
-0.212545
-0.003474","0.262146
0.399877
0.254719","-0.261029
-0.824967
-0.261666","-0.000180
-0.279389
-0.000553",tri,344.off,Bearing,25440,12722,
"-0.000171
-0.208597
-0.000821","0.263119
0.401818
0.261441","-0.263461
-0.819012
-0.263082","-0.001097
-0.279259
-0.000440",tri,345.off,Bearing,28896,14450,
"-0.000790
0.207847
-0.000046","0.265048
0.817879
0.264662","-0.266627
-0.402186
-0.264754","-0.002311
0.282648
-0.000327",tri,346.off,Bearing,28680,14342,
"-0.000132
0.000584
0.029353","0.339322
0.341495
0.940831","-0.339585
-0.340327
-0.882126","-0.001100
0.003265
0.040177",tri,347.off,Bearing,20968,10486,
"-0.000237
-0.000214
0.793678","0.077255
0.503740
0.871192","-0.077730
-0.504169
0.716163","-0.000233
-0.035398
0.793697",tri,348.off,Bearing,20528,10266,
"-0.010944
-0.119290
-0.010944","0.123997
0.758020
0.123994","-0.145884
-0.996599
-0.145883","-0.010935
-0.058846
-0.010961",tri,349.off,Bearing,20528,10266,
"0.000584
0.001051
0.070406","0.142751
0.143218
0.997773","-0.141583
-0.141115
-0.856961","0.000612
0.001067
0.006464",tri,350.off,Bearing,70056,35030,
"-0.000204
0.000734
-0.070289","0.261021
0.262750
0.850596","-0.261428
-0.261281
-0.991175","-0.000313
0.001073
0.131075",tri,351.off,Bearing,41520,20762,
"-0.000413
-0.000044
-0.178331","0.232391
0.231397
0.636527","-0.233216
-0.231485
-0.993190","-0.000120
-0.000048
-0.001533",tri,352.off,Bearing,20796,10400,
"0.087974
0.000458
0.000550","0.995044
0.191097
0.191280","-0.819097
-0.190182
-0.190181","0.004691
0.000452
0.000457",tri,353.off,Bearing,48320,24162,
"-0.000108
0.386328
0.000041","0.172349
0.995455
0.172110","-0.172565
-0.222799
-0.172028","-0.000863
0.251655
-0.000697",tri,354.off,Bearing,23264,11634,
"-0.000156
0.000387
0.001233","0.124160
0.994918
0.125549","-0.124472
-0.994143
-0.123083","-0.000147
0.000460
0.001235",tri,355.off,Bearing,29984,14994,
"-0.000180
0.000322
0.001217","0.124144
0.994918
0.125541","-0.124505
-0.994273
-0.123108","-0.000181
0.000326
0.001217",tri,356.off,Bearing,29980,14992,
"-0.003793
0.000008
0.001429","0.981040
0.065125
0.135563","-0.988626
-0.065110
-0.132705","-0.003768
0.000007
0.000988",tri,357.off,Bearing,29764,14872,
"0.000189
-0.376429
0.000645","0.474808
0.246267
0.475264","-0.474430
-0.999126
-0.473974","0.000201
0.005263
0.000643",tri,358.off,Bearing,28266,14127,
"-0.000358
0.374434
0.001254","0.475753
0.999094
0.477366","-0.476469
-0.250227
-0.474857","-0.000367
-0.008439
0.001235",tri,359.off,Bearing,29924,14956,
"-0.000872
0.000235
0.904109","0.017562
0.018863
0.999886","-0.019306
-0.018393
0.808332","-0.001005
0.000073
0.903587",tri,360.off,Bearing,70336,35170,
"-0.122349
-0.046711
0.001965","0.572189
0.096359
0.993937","-0.816888
-0.189781
-0.990007","0.000676
-0.005789
-0.000753",tri,241.off,Bird,27808,13906,
"0.000353
0.025864
-0.012070","0.909091
0.426588
0.636897","-0.908386
-0.374860
-0.661036","0.000183
0.003406
0.006218",tri,242.off,Bird,62776,31390,
"0.001850
0.004611
-0.002270","0.997154
0.260407
0.279047","-0.993454
-0.251184
-0.283586","-0.000539
0.000625
-0.001349",tri,243.off,Bird,25248,12626,
"0.004236
-0.057222
-0.081046","0.986814
0.082153
0.379668","-0.978343
-0.196597
-0.541761","-0.000652
-0.002764
0.002782",tri,244.off,Bird,35992,17998,
"0.001855
0.026095
-0.033685","0.908293
0.411563
0.593997","-0.904582
-0.359373
-0.661366","0.000722
0.002615
0.009278",tri,245.off,Bird,51784,25894,
"0.001875
-0.079263
-0.024314","0.975467
0.191845
0.299850","-0.971718
-0.350370
-0.348478","-0.000934
-0.004007
0.001349",tri,246.off,Bird,33736,16870,
"0.014048
0.020015
-0.088291","0.939218
0.383799
0.413306","-0.911122
-0.343769
-0.589887","-0.011599
-0.001573
0.006017",tri,247.off,Bird,44136,22070,
"-0.042437
0.090740
-0.103469","0.684537
0.687331
0.517258","-0.769412
-0.505852
-0.724197","-0.008663
0.012127
0.010199",tri,248.off,Bird,23576,11790,
"-0.012859
-0.119836
-0.034609","0.967885
0.076347
0.444860","-0.993603
-0.316019
-0.514078","-0.000391
-0.000214
0.007319",tri,249.off,Bird,29696,14850,
"0.082489
0.013574
-0.023783","0.756549
0.968428
0.068393","-0.591570
-0.941279
-0.115959","-0.011770
-0.001269
-0.000573",tri,250.off,Bird,34224,17114,
"0.001850
0.004611
-0.002270","0.997154
0.260407
0.279047","-0.993454
-0.251184
-0.283586","-0.000539
0.000625
-0.001349",tri,251.off,Bird,25248,12626,
"-0.005103
-0.098155
-0.089591","0.861626
0.286722
0.442585","-0.871832
-0.483032
-0.621766","0.001934
-0.008641
0.010253",tri,252.off,Bird,50792,25398,
"-0.003621
0.071315
0.105246","0.912207
0.316689
0.899329","-0.919448
-0.174060
-0.688836","0.000045
0.003615
-0.014905",tri,253.off,Bird,49296,24650,
"-0.029903
0.000768
-0.059206","0.074907
0.996571
0.415412","-0.134714
-0.995036
-0.533823","-0.000555
-0.000316
0.006915",tri,254.off,Bird,29088,14546,
"0.005428
-0.038666
0.020787","0.974420
0.224798
0.552170","-0.963564
-0.302130
-0.510595","-0.000803
-0.005104
0.007527",tri,255.off,Bird,40416,20210,
"0.083313
-0.065968
0.045115","0.933581
0.453149
0.859742","-0.766956
-0.585085
-0.769512","-0.017530
-0.001279
-0.004605",tri,256.off,Bird,47744,23874,
"0.019629
-0.052854
-0.089551","0.942441
0.082186
0.384379","-0.903183
-0.187893
-0.563481","-0.001590
-0.000954
-0.046663",tri,257.off,Bird,68256,34130,
"0.043399
0.044361
0.001713","0.740543
0.743784
0.629755","-0.653745
-0.655061
-0.626330","0.152146
0.023115
0.029748",tri,258.off,Bird,71552,35778,
"0.002302
-0.013230
0.072271","0.901980
0.287673
0.883663","-0.897375
-0.314132
-0.739121","-0.000807
0.001444
-0.005141",tri,259.off,Bird,72104,36054,
"-0.025128
0.095458
0.000720","0.435350
0.638705
0.642143","-0.485606
-0.447788
-0.640702","0.142412
0.084889
0.000044",tri,260.off,Bird,79840,39922,
"-0.018175
-0.001847
-0.004783","0.467436
0.939010
0.413648","-0.503786
-0.942705
-0.423215","0.000592
0.005395
-0.000427",tri,301.off,Bust,74000,37002,
"-0.001173
0.107459
-0.004598","0.700089
0.979800
0.498003","-0.702436
-0.764881
-0.507199","-0.001080
0.035341
-0.013700",tri,302.off,Bust,50246,25125,
"-0.090400
-0.130975
-0.052326","0.492645
0.542163
0.433348","-0.673445
-0.804114
-0.538000","-0.021082
-0.191849
-0.057113",tri,303.off,Bust,31028,15516,
"0.008630
-0.012387
0.013274","0.975228
0.507017
0.398172","-0.957968
-0.531792
-0.371623","0.007134
-0.000285
-0.000027",tri,304.off,Bust,50930,25467,
"0.036433
-0.047209
-0.044093","0.841220
0.809990
0.572598","-0.768354
-0.904408
-0.660783","-0.002901
-0.020831
-0.003109",tri,305.off,Bust,55644,27824,
"0.067513
0.157644
-0.001787","0.690609
0.998040
0.504535","-0.555583
-0.682752
-0.508109","0.004552
-0.004651
-0.000401",tri,306.off,Bust,53592,26798,
"-0.005658
-0.019383
0.013359","0.901272
0.812482
0.865703","-0.912588
-0.851247
-0.838986","-0.003470
-0.006872
-0.008304",tri,307.off,Bust,54874,27439,
"-0.094328
-0.001833
-0.008392","0.767926
0.918834
0.753754","-0.956582
-0.922500
-0.770538","0.004486
-0.009516
0.009260",tri,308.off,Bust,47948,23976,
"0.009895
0.002701
-0.166928","0.574263
0.575627
0.533635","-0.554473
-0.570225
-0.867491","0.000670
-0.039895
-0.090046",tri,309.off,Bust,41560,20782,
"-0.078204
0.001179
0.013858","0.841781
0.924200
0.655251","-0.998188
-0.921842
-0.627535","0.005584
0.044551
-0.003353",tri,310.off,Bust,66088,33046,
"-0.033163
0.098119
-0.029842","0.506864
0.985292
0.621898","-0.573191
-0.789055
-0.681581","0.000573
-0.000123
0.000000",tri,311.off,Bust,50456,25230,
"0.106267
0.035071
-0.030945","0.932582
0.782271
0.531920","-0.720048
-0.712130
-0.593811","-0.005556
0.004593
-0.000552",tri,312.off,Bust,53966,26985,
"0.066290
-0.044135
0.027681","0.733413
0.793350
0.700340","-0.600833
-0.881620
-0.644978","0.006582
-0.058263
0.006032",tri,313.off,Bust,21700,10852,
"-0.002436
0.207039
0.006171","0.731317
0.992582
0.411304","-0.736188
-0.578504
-0.398961","0.000305
0.009687
-0.000294",tri,314.off,Bust,52870,26437,
"0.042317
-0.073651
0.006894","0.615040
0.718204
0.694789","-0.530406
-0.865507
-0.681001","-0.021490
-0.004769
-0.055401",tri,315.off,Bust,51532,25768,
"0.070155
-0.085239
0.065075","0.654632
0.724172
0.766385","-0.514321
-0.894649
-0.636235","0.001774
-0.006460
-0.000859",tri,316.off,Bust,46786,23395,
"0.013950
-0.086491
-0.050893","0.544574
0.813392
0.623639","-0.516673
-0.986374
-0.725424","-0.000039
0.003667
-0.000430",tri,317.off,Bust,55448,27726,
"-0.000421
-0.031303
-0.022113","0.519813
0.684717
0.716309","-0.520655
-0.747323
-0.760535","0.009366
-0.003444
0.002711",tri,318.off,Bust,50286,25145,
"-0.013851
0.012651
0.038517","0.957168
0.552901
0.636884","-0.984869
-0.527599
-0.559850","0.005225
0.001478
-0.000466",tri,319.off,Bust,53112,26558,
"-0.016281
0.090457
-0.036287","0.858232
0.955581
0.622633","-0.890795
-0.774668
-0.695207","0.002320
-0.009710
-0.009170",tri,320.off,Bust,54232,27118,
"-0.092874
0.003245
0.006746","0.307564
0.826691
0.386610","-0.493312
-0.820201
-0.373117","-0.004359
0.008863
-0.000304",tri,101.off,Chair,67992,33996,
"-0.010703
0.025679
-0.054013","0.588386
0.810961
0.569081","-0.609792
-0.759604
-0.677108","0.003200
0.009828
0.003345",tri,102.off,Chair,31456,15724,
"-0.070760
0.012727
-0.014123","0.347921
0.842544
0.418751","-0.489441
-0.817091
-0.446996","-0.001912
0.009969
-0.001054",tri,103.off,Chair,77216,38608,
"0.006435
-0.059055
-0.022886","0.347057
0.272830
0.831257","-0.334187
-0.390939
-0.877029","-0.001276
0.000077
0.013167",tri,104.off,Chair,69224,34612,
"0.004392
-0.073752
-0.048485","0.335326
0.248520
0.781366","-0.326543
-0.396025
-0.878335","-0.000722
-0.001185
0.009718",tri,105.off,Chair,74120,37056,
"-0.084991
0.002810
-0.088060","0.441864
0.475525
0.683096","-0.611847
-0.469905
-0.859216","0.002667
-0.000225
0.012523",tri,106.off,Chair,28104,14052,
"-0.041726
-0.009362
0.068070","0.497275
0.877841
0.621226","-0.580726
-0.896565
-0.485087","0.001969
0.028414
-0.005228",tri,107.off,Chair,22854,11421,
"-0.052772
-0.002352
-0.042138","0.502543
0.889588
0.502049","-0.608087
-0.894292
-0.586326","0.005484
0.021448
0.003740",tri,108.off,Chair,21008,10500,
"-0.000322
-0.072351
0.066694","0.428097
0.622377
0.504622","-0.428741
-0.767079
-0.371233","0.000055
0.013748
0.002121",tri,109.off,Chair,20602,10301,
"0.009205
-0.055876
-0.053222","0.343899
0.763872
0.313584","-0.325488
-0.875624
-0.420028","-0.006329
0.032081
0.006846",tri,110.off,Chair,67680,33836,
"0.010105
-0.042817
-0.044160","0.350251
0.790152
0.329016","-0.330041
-0.875787
-0.417335","-0.007057
0.035799
0.008931",tri,111.off,Chair,64400,32200,
"0.000654
-0.067739
-0.048859","0.393354
0.646043
0.449151","-0.392046
-0.781521
-0.546870","-0.000335
0.009741
0.003392",tri,112.off,Chair,27256,13628,
"-0.055451
-0.118818
0.011262","0.351039
0.619560
0.474219","-0.461941
-0.857196
-0.451694","0.011778
0.032132
-0.001723",tri,113.off,Chair,21500,10748,
"-0.002720
-0.155504
0.048807","0.301598
0.556107
0.397265","-0.307038
-0.867114
-0.299651","0.001006
0.070366
-0.002927",tri,114.off,Chair,46352,23176,
"-0.038141
-0.108275
0.013220","0.375666
0.643392
0.483736","-0.451947
-0.859943
-0.457296","0.011301
0.033641
-0.002024",tri,115.off,Chair,20086,10043,
"-0.000376
0.028268
0.083412","0.487429
0.848201
0.606391","-0.488181
-0.791665
-0.439567","0.000026
0.006222
-0.000859",tri,116.off,Chair,26926,13463,
"0.003198
-0.054016
0.073730","0.474150
0.744206
0.558457","-0.467754
-0.852238
-0.410997","-0.000861
0.017620
-0.004793",tri,117.off,Chair,28744,14372,
"0.076015
-0.012952
0.003367","0.465660
0.804572
0.397400","-0.313631
-0.830476
-0.390666","-0.000412
0.015792
-0.000296",tri,118.off,Chair,73224,36612,
"0.000444
-0.065625
0.080950","0.444700
0.744655
0.541549","-0.443812
-0.875904
-0.379650","-0.000155
0.007470
0.001412",tri,119.off,Chair,24652,12326,
"0.004903
-0.070634
0.065425","0.390663
0.778459
0.440598","-0.380856
-0.919726
-0.309749","0.000225
0.026370
-0.005687",tri,120.off,Chair,20242,10121,
"-0.127167
-0.020961
0.002959","0.704164
0.523527
0.620392","-0.958498
-0.565449
-0.614474","0.038891
-0.011150
-0.001281",tri,21.off,Cup,30396,15198,
"0.059281
0.055868
0.003069","0.939458
0.710098
0.693897","-0.820897
-0.598363
-0.687758","-0.067149
0.022901
-0.001343",tri,22.off,Cup,30004,15002,
"-0.100919
-0.064489
0.001376","0.786336
0.448760
0.716959","-0.988173
-0.577739
-0.714207","0.029480
-0.026622
0.000696",tri,23.off,Cup,30074,15037,
"0.052417
0.034180
0.000754","0.943793
0.699648
0.702490","-0.838958
-0.631289
-0.700982","-0.066991
0.009468
-0.003893",tri,24.off,Cup,30492,15246,
"-0.003172
-0.032316
0.002553","0.579172
0.821075
0.576458","-0.585517
-0.885707
-0.571351","-0.005839
-0.067660
-0.005093",tri,25.off,Cup,30170,15087,
"0.134612
0.001373
-0.027626","0.912592
0.523004
0.715781","-0.643368
-0.520257
-0.771033","-0.056106
-0.003060
-0.069836",tri,26.off,Cup,30418,15209,
"0.110653
0.002664
0.020673","0.863710
0.554481
0.703455","-0.642404
-0.549153
-0.662109","-0.052074
0.000018
-0.008170",tri,27.off,Cup,30274,15137,
"-0.116248
-0.031189
0.004037","0.727063
0.519904
0.629400","-0.959558
-0.582282
-0.621327","0.048120
-0.020386
-0.001413",tri,28.off,Cup,30140,15070,
"0.155821
-0.004662
-0.005099","0.935906
0.490971
0.640459","-0.624264
-0.500294
-0.650657","-0.065054
-0.001946
-0.063857",tri,29.off,Cup,30254,15127,
"0.003324
-0.204973
0.004848","0.549027
0.518388
0.550698","-0.542379
-0.928333
-0.541002","0.001520
-0.029995
0.001838",tri,30.off,Cup,30008,15006,
"-0.084938
-0.113285
0.002203","0.793415
0.669500
0.648166","-0.963292
-0.896070
-0.643759","0.048541
-0.021651
-0.001096",tri,31.off,Cup,30454,15227,
"0.116989
0.037939
0.001478","0.853310
0.704408
0.534948","-0.619332
-0.628529
-0.531993","-0.048912
0.003713
-0.002045",tri,32.off,Cup,29502,14751,
"0.114931
0.016432
-0.000919","0.970784
0.648807
0.672283","-0.740921
-0.615942
-0.674121","-0.015389
-0.011983
-0.000426",tri,33.off,Cup,58792,29396,
"0.001891
-0.085359
-0.015634","0.628945
0.701268
0.762612","-0.625162
-0.871986
-0.793879","0.001584
0.007311
-0.038676",tri,34.off,Cup,76816,38408,
"0.001154
-0.114171
0.001609","0.500886
0.653413
0.478736","-0.498578
-0.881755
-0.475519","-0.000976
-0.042362
0.000479",tri,35.off,Cup,30268,15136,
"-0.055369
0.055139
0.043127","0.652373
0.863570
0.716905","-0.763111
-0.753292
-0.630651","-0.004425
-0.013431
-0.003159",tri,36.off,Cup,72608,36304,
"-0.012898
0.002398
0.138122","0.660120
0.674888
0.997993","-0.685916
-0.670091
-0.721749","0.056370
0.002770
-0.004889",tri,37.off,Cup,50160,25080,
"-0.047702
-0.033098
0.006519","0.807385
0.617743
0.621860","-0.902790
-0.683938
-0.608823","0.127938
-0.076398
0.004547",tri,38.off,Cup,30128,15064,
"0.074321
0.060897
-0.018698","0.908827
0.620315
0.622055","-0.760185
-0.498521
-0.659451","-0.083698
-0.047654
-0.019083",tri,39.off,Cup,30322,15161,
"0.001543
-0.001117
0.001149","0.517862
0.921918
0.514446","-0.514777
-0.924153
-0.512149","-0.001422
-0.038684
0.001004",tri,40.off,Cup,30326,15165,
"-0.047976
-0.002234
0.040042","0.842395
0.295744
0.571004","-0.938347
-0.300212
-0.490920","-0.007135
-0.000233
0.009463",tri,221.off,Fish,56952,28478,
"0.046566
0.013481
0.091387","0.951119
0.280549
0.432151","-0.857987
-0.253587
-0.249377","-0.015847
-0.000652
0.005045",tri,222.off,Fish,42024,21014,
"0.075660
0.030223
-0.051508","0.960105
0.423440
0.360716","-0.808786
-0.362994
-0.463733","-0.018110
0.000509
-0.006418",tri,223.off,Fish,53232,26618,
"0.069201
0.032283
-0.089423","0.978211
0.290636
0.220260","-0.839809
-0.226070
-0.399106","-0.018594
0.002114
-0.005277",tri,224.off,Fish,40472,20238,
"0.081984
0.027543
-0.075208","0.975592
0.334790
0.364330","-0.811623
-0.279705
-0.514746","-0.015496
0.002318
-0.010248",tri,225.off,Fish,48592,24298,
"0.004696
0.009257
0.071126","0.925495
0.287451
0.379246","-0.916103
-0.268937
-0.236995","-0.009289
-0.000573
0.000020",tri,226.off,Fish,41712,20858,
"0.004696
0.009257
0.071126","0.925495
0.287451
0.379246","-0.916103
-0.268937
-0.236995","-0.009289
-0.000573
0.000020",tri,227.off,Fish,41712,20858,
"0.001954
0.060094
0.045275","0.264462
0.955298
0.438298","-0.260554
-0.835109
-0.347749","-0.000191
-0.015354
0.007483",tri,228.off,Fish,44720,22362,
"0.004961
0.093754
-0.014121","0.285477
0.429847
0.922471","-0.275555
-0.242340
-0.950713","-0.000587
0.006293
0.012685",tri,229.off,Fish,41944,20974,
"-0.051345
0.045929
0.000801","0.843320
0.585779
0.312801","-0.946010
-0.493921
-0.311199","-0.004163
0.007594
-0.000163",tri,230.off,Fish,60568,30286,
"0.077357
0.027829
-0.082892","0.970374
0.370134
0.284662","-0.815660
-0.314477
-0.450446","-0.021246
0.006846
-0.005911",tri,231.off,Fish,50096,25050,
"0.048397
0.014010
-0.046315","0.951822
0.302894
0.226792","-0.855027
-0.274873
-0.319422","-0.029180
0.003248
-0.007996",tri,232.off,Fish,43504,21754,
"0.119559
0.021386
-0.085341","0.949375
0.507473
0.425047","-0.710256
-0.464700
-0.595730","-0.013979
0.002998
-0.010367",tri,233.off,Fish,20368,10186,
"0.071932
0.041989
0.036592","0.975089
0.500045
0.436724","-0.831226
-0.416066
-0.363540","-0.022594
0.001965
-0.003906",tri,234.off,Fish,59968,29986,
"0.052441
0.023616
-0.109641","0.960170
0.305998
0.243146","-0.855288
-0.258765
-0.462427","-0.017810
0.001717
-0.005797",tri,235.off,Fish,41984,20994,
"0.059953
0.042222
-0.064781","0.948749
0.310666
0.290358","-0.828843
-0.226222
-0.419920","-0.015389
0.002503
-0.006154",tri,236.off,Fish,38744,19374,
"0.060139
0.022077
-0.047248","0.959365
0.259288
0.230359","-0.839087
-0.215134
-0.324856","-0.022555
0.001818
-0.006242",tri,237.off,Fish,35496,17750,
"0.056298
0.017318
-0.050323","0.937112
0.267972
0.294588","-0.824517
-0.233336
-0.395234","-0.010413
0.003152
-0.004592",tri,238.off,Fish,40752,20378,
"0.057430
0.028767
-0.031855","0.984972
0.362827
0.191327","-0.870113
-0.305293
-0.255038","-0.023813
0.003166
-0.006094",tri,239.off,Fish,40952,20478,
"0.075723
0.052794
-0.097554","0.947774
0.441688
0.233890","-0.796328
-0.336101
-0.428998","-0.025331
0.002971
-0.007174",tri,240.off,Fish,54648,27326,
"0.159298
-0.059755
-0.000340","0.971969
0.468914
0.284754","-0.653372
-0.588425
-0.285433","0.023318
0.004393
0.000115",tri,381.off,FourLeg,55488,27746,
"-0.081258
0.018005
-0.052600","0.272006
0.789608
0.584926","-0.434522
-0.753597
-0.690126","0.001440
0.000848
0.004756",tri,382.off,FourLeg,64608,32306,
"0.000419
-0.094465
-0.058568","0.296016
0.805897
0.402432","-0.295177
-0.994827
-0.519569","0.000153
0.003967
0.000592",tri,383.off,FourLeg,26658,13331,
"0.000319
-0.004506
0.129837","0.227318
0.987095
0.676944","-0.226680
-0.996107
-0.417270","0.000567
-0.002796
-0.004967",tri,384.off,FourLeg,37680,18842,
"0.103987
-0.056754
-0.001383","0.985057
0.606136
0.252773","-0.777083
-0.719645
-0.255539","0.002359
0.000750
-0.000628",tri,385.off,FourLeg,20868,10436,
"0.059720
0.060051
-0.014295","0.869772
0.655273
0.552751","-0.750333
-0.535172
-0.581341","0.044219
0.059924
-0.003301",tri,386.off,FourLeg,66720,33362,
"-0.101795
-0.028989
-0.009864","0.696441
0.698056
0.328176","-0.900030
-0.756033
-0.347903","0.002149
0.003287
0.000566",tri,387.off,FourLeg,29356,14680,
"0.066010
-0.085609
0.001617","0.994515
0.432919
0.325730","-0.862494
-0.604137
-0.322496","-0.000478
0.002660
0.000040",tri,388.off,FourLeg,67272,33638,
"0.003009
-0.015957
-0.004476","0.286950
0.781338
0.669410","-0.280933
-0.813252
-0.678361","-0.000279
0.007279
-0.010166",tri,389.off,FourLeg,75904,37954,
"-0.000231
0.100385
0.037007","0.244756
0.938810
0.570188","-0.245217
-0.738040
-0.496173","-0.000271
0.001331
-0.004007",tri,390.off,FourLeg,73896,36950,
"-0.011901
-0.069267
-0.015283","0.240964
0.421444
0.837589","-0.264767
-0.559977
-0.868154","-0.006607
0.039376
-0.160290",tri,391.off,FourLeg,34504,17254,
"0.079492
-0.073065
0.001834","0.991138
0.439460
0.313801","-0.832155
-0.585590
-0.310133","0.004984
0.003030
-0.000252",tri,392.off,FourLeg,68928,34466,
"-0.000181
-0.045691
-0.024016","0.218520
0.655425
0.691864","-0.218882
-0.746806
-0.739896","0.000070
0.039935
-0.152174",tri,393.off,FourLeg,78040,39022,
"0.037570
0.004356
-0.059346","0.799345
0.226686
0.574099","-0.724204
-0.217973
-0.692791","-0.024567
-0.004559
-0.006255",tri,394.off,FourLeg,72056,36030,
"0.112621
-0.086751
-0.017443","0.992569
0.524252
0.483554","-0.767327
-0.697755
-0.518440","-0.000656
0.000273
0.003883",tri,395.off,FourLeg,22620,11312,
"-0.032120
-0.029433
0.000277","0.748733
0.689099
0.205199","-0.812972
-0.747966
-0.204644","-0.000211
0.003375
0.000087",tri,396.off,FourLeg,44288,22146,
"0.000084
-0.058873
0.036408","0.230027
0.588300
0.827413","-0.229859
-0.706046
-0.754598","-0.000721
0.003990
-0.000773",tri,397.off,FourLeg,58128,29066,
"-0.278470
-0.019256
0.000122","0.431886
0.426433
0.163124","-0.988825
-0.464945
-0.162881","-0.148602
0.010485
0.000043",tri,398.off,FourLeg,47296,23650,
"-0.041214
0.088833
-0.017971","0.277184
0.871536
0.672867","-0.359612
-0.693871
-0.708810","0.000456
0.003185
-0.001556",tri,399.off,FourLeg,31272,15638,
"-0.001614
-0.139956
0.146628","0.257968
0.371065
0.983075","-0.261196
-0.650976
-0.689819","-0.000040
0.005226
0.002459",tri,400.off,FourLeg,29608,14806,
"0.001696
0.322634
-0.030946","0.512931
0.863949
0.132062","-0.509539
-0.218681
-0.193955","-0.000077
-0.022733
-0.002548",tri,41.off,Glasses,56112,28058,
"-0.203655
0.291646
-0.021223","0.420976
0.743557
0.132118","-0.828287
-0.160265
-0.174564","-0.010068
-0.032147
-0.003425",tri,42.off,Glasses,33296,16650,
"-0.196468
-0.008002
-0.247948","0.431091
0.113294
0.212457","-0.824027
-0.129299
-0.708353","0.005438
-0.000422
0.054129",tri,43.off,Glasses,27296,13650,
"0.002079
-0.008204
-0.315568","0.528364
0.160317
0.290267","-0.524206
-0.176726
-0.921402","-0.000581
-0.000944
0.041483",tri,44.off,Glasses,50288,25146,
"-0.000835
-0.014756
-0.353089","0.616077
0.146839
0.190923","-0.617748
-0.176352
-0.897101","-0.000209
-0.001545
0.051389",tri,45.off,Glasses,43176,21590,
"-0.082934
0.178614
-0.019467","0.830492
0.457045
0.119093","-0.996361
-0.099818
-0.158026","0.024406
-0.002732
-0.000146",tri,46.off,Glasses,76544,38274,
"-0.006081
0.023814
-0.016203","0.984743
0.092142
0.123737","-0.996906
-0.044514
-0.156144","0.006428
-0.002200
-0.002234",tri,47.off,Glasses,64832,32418,
"-0.177620
0.268012
-0.012664","0.490379
0.751544
0.152331","-0.845619
-0.215520
-0.177659","-0.006189
-0.008796
0.000420",tri,48.off,Glasses,41392,20698,
"0.004179
0.170423
-0.013369","0.848627
0.527318
0.141263","-0.840268
-0.186472
-0.168001","0.000401
-0.011501
0.000855",tri,49.off,Glasses,24880,12440,
"0.003930
0.311955
-0.030884","0.524773
0.860186
0.135258","-0.516914
-0.236275
-0.197025","-0.000276
-0.017685
-0.003151",tri,50.off,Glasses,59344,29674,
"-0.048957
0.227597
-0.026424","0.725433
0.641255
0.111291","-0.823348
-0.186062
-0.164139","0.000576
-0.024482
-0.002110",tri,51.off,Glasses,22848,11426,
"-0.016821
0.131608
-0.028315","0.921784
0.369245
0.085975","-0.955426
-0.106030
-0.142604","0.003418
-0.024413
-0.003241",tri,52.off,Glasses,49664,24834,
"-0.104046
0.199988
-0.002706","0.780171
0.520841
0.141771","-0.988262
-0.120865
-0.147183","0.012601
-0.006574
0.001184",tri,53.off,Glasses,79808,39906,
"0.002365
-0.031018
-0.312162","0.523290
0.134183
0.236197","-0.518559
-0.196220
-0.860520","-0.000504
-0.003863
0.025830",tri,54.off,Glasses,59240,29622,
"-0.089905
-0.025565
-0.228700","0.666210
0.109062
0.183960","-0.846020
-0.160193
-0.641360","-0.001001
-0.001931
0.024083",tri,55.off,Glasses,22784,11394,
"0.001176
0.348578
-0.041404","0.652322
0.984057
0.160420","-0.649969
-0.286901
-0.243228","0.000011
-0.006478
-0.000353",tri,56.off,Glasses,70152,35078,
"0.003344
0.312180
-0.031045","0.523670
0.860501
0.134158","-0.516983
-0.236141
-0.196249","-0.000248
-0.025709
-0.003861",tri,57.off,Glasses,59288,29646,
"0.018079
0.055119
-0.008204","0.988246
0.165324
0.119484","-0.952088
-0.055087
-0.135891","-0.002015
-0.003612
-0.000379",tri,58.off,Glasses,59360,29682,
"-0.015100
0.146797
-0.024634","0.865684
0.489406
0.112596","-0.895884
-0.195811
-0.161865","-0.001693
-0.009503
0.001128",tri,59.off,Glasses,23144,11574,
"-0.092033
0.184747
-0.022443","0.807531
0.493065
0.099591","-0.991598
-0.123572
-0.144477","0.019396
-0.003494
0.000138",tri,60.off,Glasses,75936,37970,
"-0.042198
-0.113885
0.031516","0.424152
0.226025
0.991201","-0.508548
-0.453794
-0.928168","-0.004099
0.001691
-0.025777",tri,181.off,Hand,57920,28962,
"-0.034691
0.033655
0.027140","0.401714
0.973379
0.532723","-0.471096
-0.906068
-0.478443","0.003044
0.013224
0.003414",tri,182.off,Hand,20562,10283,
"-0.157553
-0.020779
0.059786","0.679096
0.909497
0.377651","-0.994201
-0.951055
-0.258079","-0.011924
0.052516
-0.005818",tri,183.off,Hand,22822,11413,
"0.000845
-0.059348
0.119356","0.362543
0.390964
0.984051","-0.360854
-0.509661
-0.745339","-0.034212
0.004849
0.110357",tri,184.off,Hand,37464,18734,
"-0.076841
0.001003
-0.149448","0.426203
0.176809
0.676310","-0.579885
-0.174803
-0.975205","0.008681
-0.000701
-0.188006",tri,185.off,Hand,79584,39794,
"0.063449
-0.083753
-0.062681","0.587769
0.220956
0.851017","-0.460870
-0.388462
-0.976380","-0.002886
0.015439
-0.083467",tri,186.off,Hand,52840,26422,
"-0.041803
-0.112456
0.028644","0.426739
0.228519
0.991715","-0.510344
-0.453430
-0.934427","-0.004811
0.000513
-0.020524",tri,187.off,Hand,61024,30512,
"0.132055
0.089700
-0.086452","0.714179
0.977880
0.501487","-0.450069
-0.798480
-0.674392","-0.023959
-0.045857
0.029008",tri,188.off,Hand,68808,34406,
"0.067032
0.087214
-0.158742","0.687941
0.808058
0.438209","-0.553877
-0.633630
-0.755693","0.004619
-0.003589
0.005394",tri,189.off,Hand,28164,14084,
"0.132972
0.159988
0.112501","0.713759
0.963767
0.368274","-0.447816
-0.643792
-0.143271","0.007070
0.011318
0.002942",tri,190.off,Hand,59984,29994,
"0.152882
-0.067928
-0.004433","0.769719
0.830228
0.576874","-0.463956
-0.966084
-0.585740","-0.007895
-0.015712
-0.004078",tri,191.off,Hand,27528,13766,
"0.035093
0.088023
0.039081","0.612979
0.988153
0.334125","-0.542793
-0.812107
-0.255963","0.004884
-0.002035
0.003039",tri,192.off,Hand,55912,27958,
"-0.031499
0.179244
0.044696","0.344648
0.981244
0.347453","-0.407646
-0.622756
-0.258061","0.001774
0.004996
0.005848",tri,193.off,Hand,58496,29250,
"-0.040190
0.112752
0.047867","0.357701
0.988273
0.378113","-0.438080
-0.762769
-0.282379","0.005124
-0.013837
-0.003426",tri,194.off,Hand,67752,33878,
"-0.033497
0.130817
0.050893","0.324565
0.977580
0.423181","-0.391560
-0.715946
-0.321395","0.002306
-0.007548
-0.003714",tri,195.off,Hand,68176,34090,
"0.089467
0.203094
0.051082","0.705580
0.989862
0.367798","-0.526646
-0.583674
-0.265634","0.000011
-0.009580
0.005110",tri,196.off,Hand,56880,28442,
"-0.023190
0.178977
0.127742","0.330674
0.998085
0.541788","-0.377055
-0.640132
-0.286304","0.001682
0.001693
0.006796",tri,197.off,Hand,60408,30206,
"-0.026422
-0.089054
0.027855","0.309860
0.184468
0.998061","-0.362705
-0.362576
-0.942351","-0.001218
0.000839
-0.002945",tri,198.off,Hand,76496,38250,
"0.000746
-0.011955
0.057299","0.407884
0.928155
0.410153","-0.406392
-0.952064
-0.295556","-0.001090
-0.001679
-0.000431",tri,199.off,Hand,69160,34582,
"-0.000448
-0.090428
-0.024277","0.650174
0.765839
0.297634","-0.651069
-0.946695
-0.346188","0.011766
-0.111640
-0.026792",tri,200.off,Hand,48416,24210,
"0.000547
0.008808
-0.081586","0.363258
0.154652
0.816151","-0.362164
-0.137035
-0.979324","0.000308
-0.013961
-0.054117",tri,1.off,Human,37632,18818,
"-0.035488
-0.016935
0.004979","0.139745
0.930203
0.527545","-0.210721
-0.964073
-0.517587","0.002490
0.003811
-0.001730",tri,10.off,Human,76048,38026,
"-0.000605
-0.057101
-0.004512","0.865190
0.140254
0.894066","-0.866401
-0.254456
-0.903089","-0.000974
-0.000630
0.006260",tri,11.off,Human,21994,10999,
"0.006347
-0.057277
-0.002996","0.849764
0.138279
0.903407","-0.837070
-0.252833
-0.909399","0.000430
-0.000056
-0.000873",tri,12.off,Human,44896,22450,
"-0.089925
0.020195
-0.076882","0.331476
0.999590
0.280974","-0.511326
-0.959201
-0.434738","0.002650
0.055936
-0.003570",tri,13.off,Human,27402,13703,
"-0.123726
-0.236440
-0.177615","0.419868
0.360430
0.309344","-0.667319
-0.833311
-0.664574","-0.071939
-0.132241
-0.070861",tri,14.off,Human,45512,22758,
"-0.000221
-0.144290
0.097053","0.291759
0.580387
0.484992","-0.292202
-0.868967
-0.290886","-0.018781
-0.159989
0.016345",tri,15.off,Human,45032,22518,
"-0.078324
0.027381
-0.100069","0.340819
0.896209
0.326748","-0.497468
-0.841447
-0.526886","0.007989
0.001994
0.008917",tri,16.off,Human,30450,15223,
"0.009662
-0.013744
-0.065172","0.501840
0.819366
0.391761","-0.482516
-0.846853
-0.522104","0.006295
-0.030474
0.001183",tri,17.off,Human,31816,15910,
"-0.062852
0.062847
-0.063169","0.434836
0.915339
0.443234","-0.560539
-0.789644
-0.569571","0.025350
0.017880
0.028136",tri,18.off,Human,30766,15385,
"-0.044143
0.005836
-0.038518","0.398089
0.982827
0.344684","-0.486375
-0.971155
-0.421719","0.000560
0.026335
-0.001964",tri,19.off,Human,30950,15477,
"-0.036164
-0.021591
-0.013988","0.133258
0.916526
0.505301","-0.205586
-0.959707
-0.533277","-0.000214
-0.000010
-0.000813",tri,2.off,Human,20096,10050,
"-0.015393
-0.011873
-0.035620","0.409329
0.944012
0.314553","-0.440116
-0.967757
-0.385793","-0.001970
0.015143
0.005096",tri,20.off,Human,31396,15700,
"0.005896
-0.190802
0.079334","0.279913
0.555067
0.423781","-0.268121
-0.936670
-0.265112","-0.001877
-0.168445
-0.017975",tri,3.off,Human,45112,22558,
"0.024207
-0.220972
0.043880","0.326790
0.505315
0.396893","-0.278377
-0.947258
-0.309134","0.018936
-0.175791
0.026275",tri,4.off,Human,45392,22698,
"-0.061049
0.034182
-0.021507","0.433563
0.999906
0.365818","-0.555662
-0.931541
-0.408832","-0.003024
0.046725
0.000287",tri,5.off,Human,30308,15154,
"0.000732
-0.114342
-0.030175","0.251338
0.759861
0.166589","-0.249875
-0.988545
-0.226940","0.001003
-0.040924
-0.015558",tri,6.off,Human,20192,10098,
"0.018230
0.000975
-0.055396","0.186309
0.287235
0.874579","-0.149848
-0.285285
-0.985370","0.000172
-0.000011
-0.001354",tri,7.off,Human,67512,33758,
"0.009772
0.008259
-0.073992","0.345327
0.388747
0.841066","-0.325783
-0.372229
-0.989051","0.000486
-0.000149
-0.000408",tri,8.off,Human,22026,11015,
"0.010877
0.015985
-0.076072","0.331709
0.363429
0.835756","-0.309954
-0.331460
-0.987899","-0.000261
-0.001379
-0.000874",tri,9.off,Human,21096,10550,
"-0.001392
0.083598
0.002742","0.537530
0.811151
0.541664","-0.540315
-0.643955
-0.536181","-0.002137
-0.017300
0.003505",tri,321.off,Mech,29986,14995,
"-0.000174
0.081265
-0.000264","0.538995
0.809152
0.538905","-0.539344
-0.646622
-0.539434","-0.000176
-0.021002
0.000632",tri,322.off,Mech,29978,14991,
"0.001543
0.082381
0.001830","0.540275
0.809676
0.540561","-0.537188
-0.644915
-0.536902","0.001543
-0.021350
0.001828",tri,323.off,Mech,29978,14991,
"0.013578
-0.037606
-0.011045","0.690454
0.639170
0.665731","-0.663298
-0.714382
-0.687821","-0.005331
-0.040983
-0.021325",tri,324.off,Mech,29620,14812,
"-0.000702
-0.034038
-0.062100","0.530530
0.768306
0.663571","-0.531933
-0.836381
-0.787772","-0.001123
-0.012192
-0.004013",tri,325.off,Mech,29994,14999,
"-0.002154
0.046856
0.004696","0.765932
0.716628
0.580761","-0.770241
-0.622915
-0.571369","-0.003090
0.020566
0.017470",tri,326.off,Mech,29986,14995,
"0.000094
-0.043913
-0.036878","0.645262
0.676109
0.565075","-0.645074
-0.763935
-0.638830","0.000159
-0.022952
-0.017653",tri,327.off,Mech,29870,14937,
"0.000897
0.102338
0.001323","0.546494
0.838902
0.546920","-0.544699
-0.634225
-0.544273","0.000900
-0.003657
0.001329",tri,328.off,Mech,29984,14994,
"0.002990
0.096698
0.003338","0.545599
0.829228
0.545947","-0.539618
-0.635832
-0.539271","0.002990
-0.005817
0.004037",tri,329.off,Mech,29994,14999,
"0.000850
0.092322
0.001551","0.543125
0.824401
0.543826","-0.541424
-0.639756
-0.540723","0.000010
-0.009442
0.002394",tri,330.off,Mech,29996,15000,
"-0.017135
0.137537
-0.007975","0.505731
0.921852
0.514891","-0.540001
-0.646778
-0.530841","-0.004713
-0.004849
-0.007975",tri,331.off,Mech,29996,15000,
"-0.009205
0.121193
-0.000549","0.514443
0.906681
0.523099","-0.532853
-0.664294
-0.524196","-0.012983
-0.020172
-0.000555",tri,332.off,Mech,29990,14997,
"-0.043035
0.127935
0.000703","0.473721
0.903086
0.517460","-0.559792
-0.647215
-0.516053","-0.029485
-0.012406
0.000700",tri,333.off,Mech,29880,14942,
"0.000690
0.036807
-0.001881","0.659510
0.497981
0.656939","-0.658130
-0.424367
-0.660701","0.000690
-0.000854
-0.001879",tri,334.off,Mech,29990,14997,
"-0.001393
0.083620
0.002115","0.537710
0.811418
0.541218","-0.540497
-0.644177
-0.536989","-0.002138
-0.017311
0.002879",tri,335.off,Mech,29986,14995,
"0.000886
0.258978
0.007654","0.419720
0.991667
0.426456","-0.417948
-0.473710
-0.411149","0.001111
0.001893
0.000638",tri,336.off,Mech,31006,15505,
"0.014945
0.051807
-0.019434","0.897719
0.923059
0.519908","-0.867829
-0.819444
-0.558777","0.006568
0.016997
0.004745",tri,337.off,Mech,23062,11533,
"-0.002243
0.156675
-0.010418","0.564218
0.904347
0.587794","-0.568703
-0.590998
-0.608630","-0.001968
-0.012325
-0.002947",tri,338.off,Mech,38802,19403,
"-0.017131
0.137504
-0.008649","0.505644
0.921683
0.514126","-0.539906
-0.646675
-0.531424","-0.004711
-0.004857
-0.008649",tri,339.off,Mech,29996,15000,
"0.000690
0.036790
-0.002447","0.659262
0.497791
0.656125","-0.657883
-0.424210
-0.661020","0.000689
-0.000856
-0.002446",tri,340.off,Mech,29990,14997,
"-0.002810
-0.026923
-0.131130","0.984737
0.703751
0.152493","-0.990358
-0.757597
-0.414752","-0.002391
0.000382
-0.015920",tri,121.off,Octopus,47552,23776,
"0.019225
0.036681
-0.091069","0.939458
0.793349
0.241514","-0.901008
-0.719987
-0.423652","0.000059
0.000061
-0.012084",tri,122.off,Octopus,57992,28998,
"-0.016305
-0.024009
0.077433","0.682964
0.522030
0.707908","-0.715574
-0.570047
-0.553041","0.001166
0.002922
0.016983",tri,123.off,Octopus,30982,15493,
"-0.085143
-0.020453
0.076989","0.636739
0.867423
0.438870","-0.807024
-0.908330
-0.284893","0.000594
-0.007203
-0.042283",tri,124.off,Octopus,24792,12398,
"0.066652
0.136740
0.118093","0.553869
0.561305
0.641850","-0.420565
-0.287826
-0.405664","0.042727
0.163321
0.016825",tri,125.off,Octopus,42912,21458,
"0.102784
-0.027401
-0.036576","0.559644
0.829264
0.798804","-0.354075
-0.884065
-0.871955","0.000608
-0.002927
-0.003760",tri,126.off,Octopus,50584,25294,
"-0.023757
0.002553
0.019948","0.738896
0.808097
0.527044","-0.786409
-0.802991
-0.487148","0.003409
0.002246
-0.003793",tri,127.off,Octopus,23808,11906,
"-0.037474
-0.027580
0.041637","0.634512
0.282374
0.879072","-0.709460
-0.337533
-0.795798","-0.001681
-0.006553
-0.005975",tri,128.off,Octopus,49296,24650,
"-0.012546
0.061853
0.087871","0.910307
0.843603
0.473042","-0.935399
-0.719898
-0.297299","0.003381
-0.006153
-0.001959",tri,129.off,Octopus,49136,24570,
"0.033367
-0.006941
0.105070","0.761359
0.817771
0.526867","-0.694625
-0.831653
-0.316726","-0.008240
0.001245
-0.010387",tri,130.off,Octopus,61960,30982,
"-0.064467
0.056313
0.051876","0.477700
0.786238
0.792964","-0.606634
-0.673613
-0.689212","0.000333
0.001040
0.001085",tri,131.off,Octopus,22098,11051,
"0.008701
0.000798
0.010068","0.265467
0.288989
0.970338","-0.248066
-0.287393
-0.950202","0.001613
0.001292
-0.123846",tri,132.off,Octopus,62480,31242,
"0.181609
-0.055257
0.031967","0.664705
0.758491
0.672418","-0.301487
-0.869005
-0.608485","0.006078
-0.003763
-0.032513",tri,133.off,Octopus,20932,10466,
"0.032333
-0.000941
-0.031931","0.687405
0.837615
0.499034","-0.622739
-0.839498
-0.562896","-0.001338
-0.000428
-0.007434",tri,134.off,Octopus,21860,10932,
"-0.001022
0.037850
0.029500","0.570204
0.764071
0.630861","-0.572248
-0.688371
-0.571860","0.004066
0.003039
-0.015542",tri,135.off,Octopus,30398,15201,
"-0.030771
-0.013438
-0.009999","0.671582
0.662309
0.468353","-0.733125
-0.689184
-0.488352","0.000130
-0.001579
-0.011608",tri,136.off,Octopus,28248,14126,
"0.031503
-0.086457
-0.026181","0.595435
0.574479
0.472584","-0.532428
-0.747394
-0.524945","0.002945
-0.006956
0.022026",tri,137.off,Octopus,72976,36490,
"0.006375
-0.169279
0.021037","0.804854
0.348262
0.576719","-0.792104
-0.686821
-0.534644","-0.001677
0.008305
0.013450",tri,138.off,Octopus,76736,38370,
"-0.019285
0.016476
0.024806","0.720578
0.755700
0.293564","-0.759149
-0.722748
-0.243951","-0.005424
0.003175
0.007001",tri,139.off,Octopus,64120,32062,
"0.115817
-0.005939
0.048464","0.912053
0.792797
0.472634","-0.680418
-0.804676
-0.375706","-0.002337
0.000011
-0.010237",tri,140.off,Octopus,73584,36794,
"-0.080913
0.002924
-0.051981","0.513916
0.085390
0.865198","-0.675742
-0.079542
-0.969160","-0.007945
0.000102
0.003569",tri,201.off,Plier,35880,17942,
"-0.090245
0.002682
-0.059194","0.510068
0.085010
0.855773","-0.690559
-0.079647
-0.974161","-0.007568
0.000017
0.004136",tri,202.off,Plier,35912,17958,
"-0.102140
0.001681
-0.067464","0.503271
0.083708
0.836305","-0.707551
-0.080345
-0.971232","-0.004893
-0.001065
-0.009884",tri,203.off,Plier,31232,15618,
"0.099931
0.001807
-0.008275","0.968014
0.079071
0.679732","-0.768151
-0.075458
-0.696282","-0.010351
-0.000395
0.003862",tri,204.off,Plier,35240,17622,
"0.032646
0.002281
-0.029775","0.670048
0.088189
0.905731","-0.604756
-0.083628
-0.965282","-0.002290
-0.000436
0.003503",tri,205.off,Plier,35808,17906,
"-0.113986
0.002322
-0.052368","0.513922
0.084225
0.853499","-0.741894
-0.079580
-0.958235","-0.005013
-0.000049
0.005094",tri,206.off,Plier,38336,19170,
"-0.070074
0.000177
-0.057377","0.626326
0.079515
0.817700","-0.766474
-0.079161
-0.932455","-0.001344
-0.000191
0.004217",tri,207.off,Plier,41600,20802,
"-0.023061
0.001657
-0.071654","0.724927
0.082087
0.734576","-0.771048
-0.078774
-0.877884","0.001691
-0.000127
0.004136",tri,208.off,Plier,48816,24410,
"0.037041
0.002071
-0.076185","0.844517
0.081568
0.662202","-0.770434
-0.077426
-0.814571","-0.000802
0.000104
-0.005532",tri,209.off,Plier,40864,20434,
"0.075024
0.002562
-0.046364","0.910662
0.084707
0.669505","-0.760613
-0.079584
-0.762233","-0.002604
-0.000091
0.001721",tri,210.off,Plier,44048,22026,
"0.102747
-0.000117
-0.024558","0.958861
0.075767
0.681878","-0.753368
-0.076002
-0.730995","-0.003187
-0.000788
-0.003335",tri,211.off,Plier,34256,17130,
"0.097891
0.002620
0.015646","0.986017
0.082488
0.703256","-0.790235
-0.077249
-0.671964","-0.007368
0.000107
0.007189",tri,212.off,Plier,34368,17186,
"-0.029474
-0.000728
-0.062097","0.563090
0.077768
0.807039","-0.622039
-0.079225
-0.931232","-0.000586
-0.002370
0.002807",tri,213.off,Plier,31688,15846,
"-0.010292
0.000863
-0.061152","0.585461
0.083022
0.839296","-0.606046
-0.081296
-0.961601","-0.002815
-0.001618
0.007749",tri,214.off,Plier,30416,15210,
"0.003690
0.003337
-0.052381","0.607841
0.087098
0.876917","-0.600461
-0.080424
-0.981678","-0.004081
0.000182
0.004945",tri,215.off,Plier,35688,17846,
"0.014308
0.003240
-0.052325","0.621804
0.087471
0.881888","-0.593188
-0.080990
-0.986539","-0.004914
0.000083
0.004683",tri,216.off,Plier,35808,17906,
"0.031676
0.000099
-0.036733","0.666968
0.080117
0.845229","-0.603615
-0.079919
-0.918695","-0.006053
-0.000167
0.000037",tri,217.off,Plier,41592,20798,
"0.052557
0.001552
-0.016888","0.683910
0.081482
0.789956","-0.578796
-0.078379
-0.823731","-0.005453
-0.000115
-0.001339",tri,218.off,Plier,49568,24786,
"0.017394
0.006642
-0.178242","0.790282
0.076242
0.597508","-0.755494
-0.062958
-0.953991","0.000296
0.000460
-0.000689",tri,219.off,Plier,31520,15762,
"0.027436
0.006677
-0.139990","0.814029
0.078240
0.586875","-0.759156
-0.064886
-0.866856","0.002509
0.000326
-0.001185",tri,220.off,Plier,35640,17822,
"0.000074
-0.004015
0.303046","0.840314
0.542058
0.732109","-0.840166
-0.550088
-0.126016","-0.000697
-0.010150
-0.008992",tri,141.off,Table,27848,13926,
"0.008359
-0.110617
0.009278","0.999625
0.044114
0.511750","-0.982906
-0.265349
-0.493193","-0.000362
0.000696
-0.000095",tri,142.off,Table,78400,39202,
"0.009039
-0.120204
0.009185","0.999831
0.034432
0.511519","-0.981753
-0.274840
-0.493150","-0.000574
0.000383
-0.000150",tri,143.off,Table,74144,37074,
"0.008210
-0.175633
0.001921","0.999590
0.048795
0.807493","-0.983170
-0.400061
-0.803651","-0.000167
0.000145
0.000026",tri,144.off,Table,30160,15082,
"0.003433
-0.299752
0.003284","0.639463
0.188248
0.639301","-0.632598
-0.787751
-0.632734","0.003228
0.045745
0.003019",tri,145.off,Table,26408,13206,
"-0.000412
-0.264433
-0.000427","0.717468
0.226254
0.717554","-0.718292
-0.755120
-0.718408","-0.000182
0.009897
-0.000141",tri,146.off,Table,27424,13714,
"0.003321
-0.244835
-0.007683","0.813267
0.121435
0.802281","-0.806625
-0.611105
-0.817646","0.000090
0.019104
-0.008236",tri,147.off,Table,27406,13705,
"0.001452
-0.183540
-0.002029","0.985730
0.116774
0.982292","-0.982826
-0.483853
-0.986350","0.001053
0.021190
-0.001322",tri,148.off,Table,26746,13375,
"-0.002625
-0.216947
-0.004927","0.980304
0.081562
0.978427","-0.985555
-0.515457
-0.988281","-0.001858
0.007411
-0.003893",tri,149.off,Table,27172,13588,
"0.001658
-0.362897
0.010109","0.468590
0.203658
0.476957","-0.465275
-0.929452
-0.456739","0.000147
0.010679
0.007400",tri,150.off,Table,27154,13579,
"-0.000002
-0.197206
-0.001158","0.668657
0.101299
0.667809","-0.668661
-0.495712
-0.670125","-0.000996
0.000718
-0.000608",tri,151.off,Table,25388,12696,
"0.004495
-0.254770
0.003122","0.326873
0.099841
0.826323","-0.317883
-0.609381
-0.820078","0.000090
-0.000138
0.000341",tri,152.off,Table,21082,10543,
"0.001532
0.013958
-0.207955","0.592619
0.816631
0.075932","-0.589556
-0.788715
-0.491842","0.000749
0.008009
0.009935",tri,153.off,Table,27158,13581,
"-0.002510
0.032001
-0.178853","0.762378
0.827363
0.295023","-0.767397
-0.763362
-0.652730","-0.002763
-0.001649
0.005614",tri,154.off,Table,27854,13929,
"0.018731
-0.313453
0.017958","0.975495
0.147116
0.730715","-0.938033
-0.774021
-0.694798","0.002420
0.010473
0.009333",tri,155.off,Table,28764,14384,
"0.004299
-0.266641
0.002079","0.840432
0.069116
0.723529","-0.831833
-0.602398
-0.719372","-0.000273
0.005651
0.001028",tri,156.off,Table,20196,10100,
"-0.000493
-0.273137
-0.001964","0.967688
0.119652
0.971857","-0.968674
-0.665926
-0.975786","-0.002098
0.017357
-0.007530",tri,157.off,Table,27762,13883,
"-0.000171
-0.315921
-0.000437","0.645923
0.165250
0.684363","-0.646266
-0.797093
-0.685237","0.000501
-0.002381
-0.000633",tri,158.off,Table,29170,14587,
"0.001626
-0.002234
-0.233967","0.671536
0.747991
0.090932","-0.668285
-0.752460
-0.558866","0.000269
-0.002593
0.017097",tri,159.off,Table,27856,13930,
"-0.295193
0.009661
0.006301","0.254859
0.781024
0.235357","-0.845246
-0.761702
-0.222755","-0.003376
-0.000303
-0.000338",tri,160.off,Table,20160,10082,
"0.003648
0.107387
-0.001315","0.678684
0.942907
0.326737","-0.671387
-0.728133
-0.329366","-0.003308
-0.000189
-0.000973",tri,161.off,Teddy,27648,13826,
"-0.102890
0.042527
0.096173","0.412347
0.977393
0.565398","-0.618127
-0.892339
-0.373052","-0.001046
0.003259
-0.000870",tri,162.off,Teddy,20188,10096,
"0.019961
0.022852
0.081556","0.623852
0.954740
0.502105","-0.583930
-0.909035
-0.338993","-0.003259
-0.001160
0.000091",tri,163.off,Teddy,21758,10879,
"0.014200
0.140584
0.053449","0.665476
0.977466
0.450824","-0.637077
-0.696297
-0.343926","0.002692
0.002883
-0.000193",tri,164.off,Teddy,29014,14509,
"0.054821
0.034867
0.035368","0.551747
0.985951
0.427515","-0.442105
-0.916217
-0.356779","0.002411
-0.003181
-0.002414",tri,165.off,Teddy,20462,10233,
"-0.012928
0.068874
0.063102","0.624942
0.980533
0.509331","-0.650798
-0.842785
-0.383127","-0.001499
-0.003722
-0.001127",tri,166.off,Teddy,22176,11090,
"-0.023426
0.104525
0.072067","0.598574
0.965264
0.525836","-0.645426
-0.756215
-0.381702","0.001077
-0.000067
-0.002418",tri,167.off,Teddy,25290,12647,
"-0.040163
0.051843
0.005927","0.562721
0.974813
0.332394","-0.643046
-0.871127
-0.320540","0.004734
-0.001250
0.000213",tri,168.off,Teddy,21500,10752,
"0.012356
0.015543
0.006734","0.804989
0.923285
0.299525","-0.780276
-0.892198
-0.286057","-0.000485
0.001406
-0.001399",tri,169.off,Teddy,25118,12561,
"-0.012276
-0.013436
0.003312","0.749070
0.858182
0.281979","-0.773621
-0.885055
-0.275354","-0.001136
0.002486
-0.001294",tri,170.off,Teddy,24996,12500,
"0.003701
0.014749
0.043747","0.532718
0.913362
0.486311","-0.525316
-0.883865
-0.398818","-0.000312
-0.001181
-0.004879",tri,171.off,Teddy,29806,14905,
"-0.073066
0.012159
0.046768","0.429863
0.973867
0.537858","-0.575994
-0.949550
-0.444322","-0.000677
-0.002331
-0.002045",tri,172.off,Teddy,20278,10141,
"-0.001273
0.144965
0.056218","0.448960
0.942607
0.510190","-0.451507
-0.652676
-0.397755","-0.000330
-0.002732
0.000473",tri,173.off,Teddy,27730,13867,
"0.038817
0.029730
0.035667","0.691081
0.906278
0.402225","-0.613447
-0.846818
-0.330891","-0.002800
-0.006815
-0.001931",tri,174.off,Teddy,25658,12831,
"-0.009958
0.003622
0.013205","0.588341
0.953430
0.422154","-0.608256
-0.946185
-0.395745","0.004593
0.003623
-0.001989",tri,175.off,Teddy,75824,37914,
"0.023016
0.124339
0.070225","0.733972
0.940663
0.538444","-0.687940
-0.691984
-0.397993","0.003141
0.001290
-0.000451",tri,176.off,Teddy,24996,12500,
"0.059624
0.099517
0.059606","0.668241
0.937811
0.514511","-0.548994
-0.738777
-0.395298","-0.000658
0.004321
-0.007568",tri,177.off,Teddy,25082,12543,
"-0.043303
0.130713
0.089141","0.506613
0.953242
0.538992","-0.593218
-0.691816
-0.360710","-0.000796
0.004181
-0.004260",tri,178.off,Teddy,24346,12175,
"-0.004389
0.112216
0.105309","0.650144
0.941371
0.570984","-0.658921
-0.716940
-0.360366","0.005060
0.001406
-0.002618",tri,179.off,Teddy,26644,13324,
"-0.008811
0.050511
0.016519","0.596012
0.957413
0.301400","-0.613634
-0.856391
-0.268362","-0.000636
0.007779
0.000960",tri,180.off,Teddy,76368,38186,
"0.017068
0.019796
-0.015235","0.521498
0.991284
0.507211","-0.487363
-0.951693
-0.537682","-0.002204
-0.058901
0.009450",tri,361.off,Vase,29734,14859,
"0.020930
0.172977
0.000281","0.390271
0.989733
0.368972","-0.348412
-0.643778
-0.368409","0.004021
-0.016734
-0.002020",tri,362.off,Vase,28952,14476,
"0.012343
0.172356
0.014197","0.315440
0.998324
0.311550","-0.290753
-0.653612
-0.283155","-0.000001
0.023172
-0.000062",tri,363.off,Vase,26864,13434,
"-0.005017
0.033260
0.012750","0.820759
0.648302
0.554594","-0.830792
-0.581783
-0.529094","-0.001373
-0.003419
0.011686",tri,364.off,Vase,27100,13548,
"0.046936
-0.004755
0.012205","0.894325
0.672523
0.857250","-0.800453
-0.682033
-0.832840","0.022110
0.008435
0.018172",tri,365.off,Vase,27028,13514,
"-0.013111
0.060834
0.010086","0.444454
0.983030
0.480763","-0.470677
-0.861363
-0.460591","0.000952
0.000825
0.000606",tri,366.off,Vase,21274,10637,
"0.027945
0.000112
0.055275","0.947510
0.594429
0.524134","-0.891621
-0.594204
-0.413583","-0.000409
0.000037
-0.021086",tri,367.off,Vase,31200,15600,
"0.002198
0.115681
-0.029083","0.539441
0.785096
0.585329","-0.535044
-0.553733
-0.643495","0.003720
-0.009235
0.018525",tri,368.off,Vase,22400,11202,
"0.045767
0.066505
-0.012921","0.617932
0.937945
0.561901","-0.526398
-0.804935
-0.587743","0.018001
-0.069750
0.008387",tri,369.off,Vase,27212,13606,
"0.006290
0.075111
0.007540","0.562622
0.989408
0.562901","-0.550041
-0.839186
-0.547822","0.003971
-0.007312
0.005281",tri,370.off,Vase,27836,13920,
"-0.007229
0.118380
0.029107","0.558613
0.986991
0.597619","-0.573071
-0.750230
-0.539405","0.001725
-0.040931
0.006130",tri,371.off,Vase,29194,14599,
"-0.031383
0.103047
-0.001933","0.710386
0.686807
0.381485","-0.773152
-0.480713
-0.385351","0.001912
-0.008492
0.000326",tri,372.off,Vase,53472,26736,
"-0.015455
0.051881
-0.018874","0.383883
0.994026
0.389596","-0.414793
-0.890265
-0.427344","0.000073
0.002099
0.000539",tri,373.off,Vase,21112,10556,
"-0.018788
-0.008528
0.006619","0.320975
0.956164
0.344297","-0.358550
-0.973220
-0.331058","-0.009541
-0.046735
0.008598",tri,374.off,Vase,29744,14872,
"-0.029089
-0.038664
-0.028721","0.910081
0.307637
0.523119","-0.968259
-0.384965
-0.580561","-0.005088
-0.000364
-0.012949",tri,375.off,Vase,23520,11762,
"-0.001749
-0.084672
-0.032613","0.993358
0.312882
0.743575","-0.996857
-0.482226
-0.808801","-0.006099
0.028912
-0.017778",tri,376.off,Vase,25132,12568,
"0.000371
0.168180
0.002689","0.526046
0.999927
0.327969","-0.525305
-0.663566
-0.322591","0.000485
-0.074850
-0.001256",tri,377.off,Vase,30342,15169,
"-0.036057
0.108565
-0.002206","0.702106
0.687212
0.374794","-0.774220
-0.470082
-0.379206","0.002298
-0.002517
-0.000091",tri,378.off,Vase,53472,26736,
"0.026589
0.000393
0.075370","0.941104
0.589347
0.540536","-0.887926
-0.588561
-0.389797","0.000454
0.000288
-0.002081",tri,379.off,Vase,55368,27686,
"-0.001626
-0.201142
0.001186","0.564391
0.596815
0.431622","-0.567643
-0.999099
-0.429250","-0.001873
-0.002329
0.001409",tri,380.off,Vase,74832,37418,
